{"cameraMode":{"drawMode":0,"name":"Shaded","section":"Shading Mode"},"sceneLighting":true,"audioPlay":false,"sceneViewState":{"showFog":true,"showMaterialUpdate":false,"showSkybox":true,"showFlares":true,"showImageEffects":true,"showParticleSystems":true},"in2DMode":false,"pivot":{"x":-0.6552868485450745,"y":-0.3979125916957855,"z":-4.695031642913818},"rotation":{"x":0.19574867188930512,"y":0.10966239124536514,"z":-0.02274215593934059,"w":0.9744776487350464},"size":2.217268228530884,"orthographic":false}