{"cameraMode":{"drawMode":0,"name":"Shaded","section":"Shading Mode"},"sceneLighting":true,"audioPlay":false,"sceneViewState":{"showFog":true,"showMaterialUpdate":false,"showSkybox":true,"showFlares":true,"showImageEffects":true,"showParticleSystems":true},"in2DMode":false,"pivot":{"x":-20.139707565307618,"y":-15.230998039245606,"z":-14.009350776672364},"rotation":{"x":0.13093635439872743,"y":-0.8545128107070923,"z":0.26425984501838686,"w":0.42802342772483828},"size":31.43890380859375,"orthographic":false}